{
  "n_queries": [
    10,
    15,
    20,
    25,
    30,
    35,
    40,
    45,
    50,
    55,
    60,
    65,
    70
  ],
  "global_optimum": 0.0,
  "methods": {
    "Bayesian opt (EI)": {
      "mean": [
        -5.386314406221784,
        -5.386314406221784,
        -5.386314406221784,
        -5.346293688832313,
        -5.346293688832313,
        -5.144803265299677,
        -4.794297411493558,
        -4.4371380731601535,
        -4.376041411151258,
        -4.376041411151258,
        -4.376041411151258,
        -4.376041411151258,
        -4.376041411151258
      ],
      "std": [
        0.48862489104197515,
        0.48862489104197515,
        0.48862489104197515,
        0.48571351093438964,
        0.48571351093438964,
        0.4248467363052273,
        0.3570332770552155,
        0.43306213615524697,
        0.3330449276675353,
        0.3330449276675353,
        0.3330449276675353,
        0.3330449276675353,
        0.3330449276675353
      ]
    },
    "Random screening": {
      "mean": [
        -5.386314406221784,
        -5.386314406221784,
        -5.374228778322237,
        -5.050249499477241,
        -5.050249499477241,
        -4.769779727036987,
        -4.669320868912704,
        -4.669320868912704,
        -4.669320868912704,
        -4.669320868912704,
        -4.669320868912704,
        -4.669320868912704,
        -4.669320868912704
      ],
      "std": [
        0.48862489104197515,
        0.48862489104197515,
        0.47683450865017385,
        0.5736107600911484,
        0.5736107600911484,
        0.718621503532909,
        0.6624142412581314,
        0.6624142412581314,
        0.6624142412581314,
        0.6624142412581314,
        0.6624142412581314,
        0.6624142412581314,
        0.6624142412581314
      ]
    }
  }
}